[
  {
    "bookID": 1,
    "title": "Dune",
    "coverImage": "../img/truyen1.jpg",
    "price": 200000,
    "discountPrice": 150000,
    "oldPrice": 200000,
    "soldQuantity": 50,
    "categoryID": 1,
    "createdAt": "2025-01-01",
    "description": "Đây là một tiểu thuyết khoa học viễn tưởng kinh điển, kể về hành trình của Paul Atreides trên hành tinh sa mạc Arrakis.",
    "author": "Frank Herbert",
    "stockQuantity": 15
  },
  {
    "bookID": 2,
    "title": "1984",
    "coverImage": "../img/truyen2.jpg",
    "price": 150000,
    "discountPrice": 100000,
    "oldPrice": 150000,
    "soldQuantity": 200,
    "categoryID": 2,
    "createdAt": "2024-12-01",
    "description": "Một tác phẩm dystopia nổi tiếng về xã hội bị kiểm soát bởi chính quyền toàn trị.",
    "author": "George Orwell",
    "stockQuantity": 10
  },
  {
    "bookID": 3,
    "title": "1984",
    "coverImage": "../img/truyen3.jpg",
    "price": 150000,
    "discountPrice": null,
    "oldPrice": null,
    "soldQuantity": 200,
    "categoryID": 3,
    "createdAt": "2024-12-01",
    "description": "Một tác phẩm dystopia nổi tiếng về xã hội bị kiểm soát bởi chính quyền toàn trị.",
    "author": "George Orwell",
    "stockQuantity": 10
  },
  {
    "bookID": 4,
    "title": "1984",
    "coverImage": "../img/truyen4.jpg",
    "price": 150000,
    "discountPrice": null,
    "oldPrice": null,
    "soldQuantity": 200,
    "categoryID": 4,
    "createdAt": "2024-12-01",
    "description": "Một tác phẩm dystopia nổi tiếng về xã hội bị kiểm soát bởi chính quyền toàn trị.",
    "author": "George Orwell",
    "stockQuantity": 10
  },
  {
    "bookID": 5,
    "title": "1984",
    "coverImage": "../img/truyen5.jpg",
    "price": 150000,
    "discountPrice": null,
    "oldPrice": null,
    "soldQuantity": 200,
    "categoryID": 5,
    "createdAt": "2024-12-01",
    "description": "Một tác phẩm dystopia nổi tiếng về xã hội bị kiểm soát bởi chính quyền toàn trị.",
    "author": "George Orwell",
    "stockQuantity": 10
  },
  {
    "bookID": 6,
    "title": "1984",
    "coverImage": "../img/truyen6.jpg",
    "price": 150000,
    "discountPrice": null,
    "oldPrice": null,
    "soldQuantity": 200,
    "categoryID": 1,
    "createdAt": "2024-12-01",
    "description": "Một tác phẩm dystopia nổi tiếng về xã hội bị kiểm soát bởi chính quyền toàn trị.",
    "author": "George Orwell",
    "stockQuantity": 10
  },
  {
    "bookID": 7,
    "title": "1984",
    "coverImage": "../img/truyen7.jpg",
    "price": 150000,
    "discountPrice": null,
    "oldPrice": null,
    "soldQuantity": 200,
    "categoryID": 2,
    "createdAt": "2024-12-01",
    "description": "Một tác phẩm dystopia nổi tiếng về xã hội bị kiểm soát bởi chính quyền toàn trị.",
    "author": "George Orwell",
    "stockQuantity": 10
  },
  {
    "bookID": 8,
    "title": "1984",
    "coverImage": "../img/truyen8.jpg",
    "price": 150000,
    "discountPrice": null,
    "oldPrice": null,
    "soldQuantity": 200,
    "categoryID": 3,
    "createdAt": "2024-12-01",
    "description": "Một tác phẩm dystopia nổi tiếng về xã hội bị kiểm soát bởi chính quyền toàn trị.",
    "author": "George Orwell",
    "stockQuantity": 10
  },
  {
    "bookID": 9,
    "title": "1984",
    "coverImage": "../img/truyen9.jpg",
    "price": 150000,
    "discountPrice": null,
    "oldPrice": null,
    "soldQuantity": 200,
    "categoryID": 4,
    "createdAt": "2024-12-01",
    "description": "Một tác phẩm dystopia nổi tiếng về xã hội bị kiểm soát bởi chính quyền toàn trị.",
    "author": "George Orwell",
    "stockQuantity": 10
  },
  {
    "bookID": 10,
    "title": "1984",
    "coverImage": "../img/truyen10.jpg",
    "price": 150000,
    "discountPrice": null,
    "oldPrice": null,
    "soldQuantity": 200,
    "categoryID": 5,
    "createdAt": "2024-12-01",
    "description": "Một tác phẩm dystopia nổi tiếng về xã hội bị kiểm soát bởi chính quyền toàn trị.",
    "author": "George Orwell",
    "stockQuantity": 10
  },

  {
    "bookID": 11,
    "title": "1984",
    "coverImage": "../img/truyen11.jpg",
    "price": 150000,
    "discountPrice": null,
    "oldPrice": null,
    "soldQuantity": 200,
    "categoryID": 1,
    "createdAt": "2024-12-01",
    "description": "Một tác phẩm dystopia nổi tiếng về xã hội bị kiểm soát bởi chính quyền toàn trị.",
    "author": "George Orwell",
    "stockQuantity": 10
  },

  {
    "bookID": 12,
    "title": "1984",
    "coverImage": "../img/truyen12.jpg",
    "price": 150000,
    "discountPrice": null,
    "oldPrice": null,
    "soldQuantity": 200,
    "categoryID": 2,
    "createdAt": "2024-12-01",
    "description": "Một tác phẩm dystopia nổi tiếng về xã hội bị kiểm soát bởi chính quyền toàn trị.",
    "author": "George Orwell",
    "stockQuantity": 10
  },
  {
    "bookID": 13,
    "title": "1984",
    "coverImage": "../img/truyen13.jpg",
    "price": 150000,
    "discountPrice": null,
    "oldPrice": null,
    "soldQuantity": 200,
    "categoryID": 3,
    "createdAt": "2024-12-01",
    "description": "Một tác phẩm dystopia nổi tiếng về xã hội bị kiểm soát bởi chính quyền toàn trị.",
    "author": "George Orwell",
    "stockQuantity": 10
  },
  {
    "bookID": 14,
    "title": "1984",
    "coverImage": "../img/truyen16.jpg",
    "price": 150000,
    "discountPrice": null,
    "oldPrice": null,
    "soldQuantity": 200,
    "categoryID": 1,
    "createdAt": "2024-12-01",
    "description": "Một tác phẩm dystopia nổi tiếng về xã hội bị kiểm soát bởi chính quyền toàn trị.",
    "author": "George Orwell",
    "stockQuantity": 10
  },
  {
    "bookID": 15,
    "title": "1984",
    "coverImage": "../img/truyen18.jpg",
    "price": 150000,
    "oldPrice": 200000,
    "soldQuantity": 200,
    "categoryID": 4,
    "createdAt": "2024-12-01",
    "description": "Một tác phẩm dystopia nổi tiếng về xã hội bị kiểm soát bởi chính quyền toàn trị.",
    "author": "George Orwell",
    "stockQuantity": 10
  },
  {
    "bookID": 16,
    "title": "1984",
    "coverImage": "../img/truyen12.jpg",
    "price": 150000,
    "discountPrice": null,
    "oldPrice": null,
    "soldQuantity": 200,
    "categoryID": 5,
    "createdAt": "2024-12-01",
    "description": "Một tác phẩm dystopia nổi tiếng về xã hội bị kiểm soát bởi chính quyền toàn trị.",
    "author": "George Orwell",
    "stockQuantity": 10
  },
  {
    "bookID": 17,
    "title": "1984",
    "coverImage": "../img/truyen18.jpg",
    "price": 150000,
    "discountPrice": null,
    "oldPrice": null,
    "soldQuantity": 200,
    "categoryID": 1,
    "createdAt": "2024-12-01",
    "description": "Một tác phẩm dystopia nổi tiếng về xã hội bị kiểm soát bởi chính quyền toàn trị.",
    "author": "George Orwell",
    "stockQuantity": 10
  }
]
