[
  {
    "bookId": 1,
    "name": "Nguyễn Văn A",
    "rating": 3,
    "comment": "Rất hay! Đáng mua!"
  },
  {
    "bookId": 2,
    "name": "Nguyễn Văn B",
    "rating": 5,
    "comment": "Tuyệt vời, nội dung sâu sắc!"
  },
  {
    "bookId": 3,
    "name": "Trần Thị C",
    "rating": 4,
    "comment": "Sách rất hữu ích!"
  },
  {
    "bookId": 3,
    "name": "Lê Văn D",
    "rating": 2,
    "comment": "Nội dung tạm ổn, cần cải thiện."
  },
  {
    "bookId": 4,
    "name": "Phạm Thị E",
    "rating": 4,
    "comment": "Khá hay, đáng đọc!"
  }
]
